"dataset","source","yi","vi","weight"
"dosresmeta::coffee_cancer::coffee_cancer","dosresmeta",-0.116481135226656,0.0024266669963019,412.087856110435
"dosresmeta::coffee_cancer::coffee_cancer","dosresmeta",0.00697553370034069,0.0001911297509768,5232.04783603462
"dosresmeta::coffee_cancer::coffee_cancer","dosresmeta",-0.167521222468938,0.0255838178894925,39.0872075590684
"dosresmeta::coffee_cancer::coffee_cancer","dosresmeta",-0.0943106794712413,0.0502630574721996,19.8953277076926
"dosresmeta::coffee_cancer::coffee_cancer","dosresmeta",-0.00685175425735236,0.000420555345201296,2377.80832275799
"dosresmeta::coffee_cancer::coffee_cancer","dosresmeta",-0.187922057744766,0.0446765207910707,22.3831216552535
"dosresmeta::coffee_cancer::coffee_cancer","dosresmeta",-0.0719857829903235,0.00474154275698633,210.901820620846
"dosresmeta::coffee_cancer::coffee_cancer","dosresmeta",-0.0468274782035912,0.000823283641674456,1214.64820795677
