"dataset","source","yi","vi","es","dose","stress","var","weight"
"MAd::dat.sim.final::dat.sim.final","MAd",0.225,0.0487018517460197,0.225,7,"low",0.0487018517460197,20.5331001624949
"MAd::dat.sim.final::dat.sim.final","MAd",0.84,0.0748746859276655,0.84,10,"high",0.0748746859276655,13.355648676324
"MAd::dat.sim.final::dat.sim.final","MAd",0.49,0.075,0.49,8,"high",0.075,13.3333333333333
"MAd::dat.sim.final::dat.sim.final","MAd",0.865,0.0823861278752583,0.865,11,"high",0.0823861278752583,12.1379657691172
"MAd::dat.sim.final::dat.sim.final","MAd",0.55,0.0525,0.55,9,"low",0.0525,19.047619047619
"MAd::dat.sim.final::dat.sim.final","MAd",1.135,0.0487018517460197,1.135,11,"high",0.0487018517460197,20.5331001624949
"MAd::dat.sim.final::dat.sim.final","MAd",1.225,0.0487018517460197,1.225,14,"high",0.0487018517460197,20.5331001624949
"MAd::dat.sim.final::dat.sim.final","MAd",1.03,0.06,1.03,10,"high",0.06,16.6666666666667
