"dataset","source","yi","vi","fn","tp","tn","fp","weight"
"metamisc::Kertai::Kertai","metamisc",2.98315349134713,1.1689082278481,1,8,79,32,0.855499153976311
"metamisc::Kertai::Kertai","metamisc",1.57818536893,2.91575091575092,0,1,10,6,0.342964824120603
"metamisc::Kertai::Kertai","metamisc",1.87180217690159,1.55448717948718,1,2,78,24,0.643298969072165
"metamisc::Kertai::Kertai","metamisc",0.854158950767149,2.72153228297807,0,1,32,41,0.367440065383218
"metamisc::Kertai::Kertai","metamisc",1.29928298413026,0.717171717171717,4,3,44,9,1.3943661971831
"metamisc::Kertai::Kertai","metamisc",4.48863636973214,2.82247191011236,0,2,44,2,0.354299363057325
"metamisc::Kertai::Kertai","metamisc",2.2658355507853,2.43131374386681,0,2,93,48,0.411300270284978
