"dataset","source","yi","vi","n1i","n2i","sd2i","m2i","type","m1i","year","sd1i","weight"
"metadat::dat.gibson2002::dat.gibson2002","metadat",-0.139850129685062,0.0903039376670208,97,94,4.95,2.66,1,2.09,1999,5.93,11.0737142347803
"metadat::dat.gibson2002::dat.gibson2002","metadat",-0.795377803208844,0.333725182863114,35,35,26.34,20,1,4.92,1995,6.05,2.99647749510763
"metadat::dat.gibson2002::dat.gibson2002","metadat",-0.888766058484065,0.169590655582448,56,59,7.2,4.8,1,2.8,1996,9,5.89655129621127
"metadat::dat.gibson2002::dat.gibson2002","metadat",-0.223770314105019,0.0888977930720218,119,100,8.57,5.71,2,6.23,1994,12.2,11.2488731771984
"metadat::dat.gibson2002::dat.gibson2002","metadat",-0.842182759720433,0.30978021978022,32,33,14,5.1,3,2.1,1996,8,3.22809506917347
"metadat::dat.gibson2002::dat.gibson2002","metadat",0.265703165733006,0.535144927536232,28,28,NA,NA,1,NA,1993,NA,1.86865267433988
"metadat::dat.gibson2002::dat.gibson2002","metadat",-3.16003532484527,2.19774891774892,12,33,NA,NA,3,NA,1995,NA,0.455011030570438
