"dataset","source","yi","vi","year","weight"
"meta::Fleiss93::Fleiss93","meta",-0.328901159556238,0.0388956529883765,1974,25.7098139038529
"meta::Fleiss93::Fleiss93","meta",-0.384545745884422,0.0411672601083638,1976,24.2911478045349
"meta::Fleiss93::Fleiss93","meta",-0.219562235423927,0.0204915079884473,1979,48.8007032261257
"meta::Fleiss93::Fleiss93","meta",-0.222220616315609,0.0647645983038778,1979,15.4405342762718
"meta::Fleiss93::Fleiss93","meta",-0.225467203812012,0.0351996442150119,1980,28.4093780576771
"meta::Fleiss93::Fleiss93","meta",0.124636302494911,0.00961673238271602,1980,103.985424591547
"meta::Fleiss93::Fleiss93","meta",-0.110965795790044,0.0015061979058117,1988,663.923376962266
