"dataset","source","yi","vi","logor","weight"
"metamisc::Collins::Collins","metamisc",0.0418471099355005,0.159600872715627,0.0418471099355005,6.26562989904057
"metamisc::Collins::Collins","metamisc",-0.923670839171778,0.117736838325074,-0.923670839171778,8.4935183773067
"metamisc::Collins::Collins","metamisc",-1.1221427860783,0.178017718715393,-1.1221427860783,5.61741835147745
"metamisc::Collins::Collins","metamisc",-1.47330573810952,0.298926767676768,-1.47330573810952,3.34530095036959
"metamisc::Collins::Collins","metamisc",-1.39102453549529,0.11428507325059,-1.39102453549529,8.75004907952696
"metamisc::Collins::Collins","metamisc",-0.296889451161883,0.01463367728029,-0.296889451161883,68.335523658629
"metamisc::Collins::Collins","metamisc",-0.261549932174933,0.120687453528594,-0.261549932174933,8.28586543805959
"metamisc::Collins::Collins","metamisc",1.0887599922251,0.686371578334304,1.0887599922251,1.45693678404752
"metamisc::Collins::Collins","metamisc",0.135305386348586,0.0678772840063163,0.135305386348586,14.73246925889
